{
  "food": 4.193333333333333,
  "service": 3.97,
  "atmosphere": 3.71,
  "pricing": 3.3033333333333332
}